Xړ,Yړ,Zړ,,R,G,B,A,,c,Ίp1,Ίp2,px1,px2
0,0,0,0,1,1,1,1,35,35,49.49747468,49.49747468,0.785398163,0.785398163
